RCLID,OrganismID,Occurrences
RL-1,4072,188
RL-1,4097,77
RL-1,49451,43
RL-1,4096,41
RL-1,200316,26
RL-1,4113,25
RL-1,35889,22
RL-1,4086,12
RL-1,4087,12
RL-1,81866,11
RL-1,278839,11
RL-1,80379,10
RL-1,118704,10
RL-1,200315,10
RL-1,118701,9
RL-1,4093,8
RL-1,4081,7
RL-1,200300,7
RL-1,4112,6
RL-1,118703,6
RL-1,118709,6
RL-1,118712,6
RL-1,200306,6
RL-1,33114,5
RL-1,4100,4
RL-1,76336,2
RL-1,172790,2
RL-1,200301,2
RL-1,4111,1
RL-1,267555,1
RL-10,4081,12
RL-10,4113,3
RL-10,4072,2
RL-10,4097,2
RL-10,33114,2
RL-10,80379,2
RL-10,4096,1
RL-10,4146,1
RL-10,49451,1
RL-11,4072,12
RL-11,4113,2
RL-11,4108,1
RL-11,33114,1
RL-11,80379,1
RL-12,4097,4
RL-12,4113,3
RL-12,3880,2
RL-12,4072,2
RL-12,4096,2
RL-12,4577,2
RL-12,39947,2
RL-12,49451,2
RL-12,77586,2
RL-12,3476,1
RL-12,3562,1
RL-12,4081,1
RL-12,4529,1
RL-12,4533,1
RL-12,4536,1
RL-12,4537,1
RL-12,4538,1
RL-12,33114,1
RL-12,39946,1
RL-12,40148,1
RL-12,40149,1
RL-12,65489,1
RL-12,74649,1
RL-12,888268,1
RL-13,4113,19
RL-13,4108,2
RL-14,4097,2
RL-14,4113,2
RL-15,200306,2
RL-16,76336,2
RL-17,200300,2
RL-17,4108,1
RL-17,4113,1
RL-18,4072,4
RL-18,4113,2
RL-18,33114,2
RL-18,80379,2
RL-18,267555,1
RL-19,4081,3
RL-19,4072,2
RL-19,4113,1
RL-19,80379,1
RL-2,4113,30
RL-2,4097,7
RL-2,76336,6
RL-2,4108,4
RL-2,35889,4
RL-2,4081,2
RL-2,4096,2
RL-20,4081,4
RL-20,4113,4
RL-20,4108,2
RL-21,80379,3
RL-21,33114,2
RL-22,4072,3
RL-22,80379,2
RL-23,4081,4
RL-24,4097,4
RL-24,4096,2
RL-24,49451,2
RL-25,4072,4
RL-25,80379,2
RL-26,4113,3
RL-27,107243,4
RL-27,429701,3
RL-27,3702,2
RL-27,3983,2
RL-27,4112,2
RL-27,3694,1
RL-27,3711,1
RL-27,3712,1
RL-27,3988,1
RL-27,4155,1
RL-27,4558,1
RL-27,28930,1
RL-27,29760,1
RL-27,51240,1
RL-27,51351,1
RL-27,69181,1
RL-27,81972,1
RL-27,81985,1
RL-27,109376,1
RL-27,180498,1
RL-27,472368,1
RL-27,888268,1
RL-27,1088818,1
RL-28,4072,2
RL-29,80379,3
RL-29,33114,2
RL-3,4072,81
RL-3,4097,10
RL-3,4087,6
RL-3,4096,6
RL-3,4093,5
RL-3,80379,5
RL-30,4097,4
RL-30,4096,2
RL-30,4113,1
RL-30,49451,1
RL-31,33114,2
RL-32,4096,2
RL-32,4097,2
RL-33,3755,2
RL-33,3760,2
RL-33,4565,2
RL-33,4615,2
RL-33,49390,2
RL-33,1504633,2
RL-33,4558,1
RL-33,4567,1
RL-33,4572,1
RL-33,15368,1
RL-33,22663,1
RL-33,88036,1
RL-33,112509,1
RL-33,200361,1
RL-33,206008,1
RL-33,888268,1
RL-33,906689,1
RL-33,981085,1
RL-34,4113,2
RL-35,109975,2
RL-35,192259,1
RL-36,4113,4
RL-36,4072,2
RL-36,33114,1
RL-36,80379,1
RL-37,4097,2
RL-37,4096,1
RL-37,33114,1
RL-37,49451,1
RL-37,80379,1
RL-38,4072,2
RL-38,33114,1
RL-38,80379,1
RL-39,88036,4
RL-39,74649,2
RL-39,3827,1
RL-4,4081,7
RL-4,4072,6
RL-4,109975,5
RL-4,4112,3
RL-4,88036,3
RL-4,200306,3
RL-4,4100,1
RL-4,4113,1
RL-4,33114,1
RL-4,118690,1
RL-4,118703,1
RL-4,118709,1
RL-4,118712,1
RL-40,4072,1
RL-40,33114,1
RL-40,74649,1
RL-40,80379,1
RL-40,157652,1
RL-41,49390,1
RL-41,71139,1
RL-42,3755,1
RL-42,3760,1
RL-42,2094558,1
RL-43,4097,2
RL-43,4072,1
RL-43,4096,1
RL-43,33114,1
RL-43,49451,1
RL-43,80379,1
RL-44,4555,2
RL-44,1504633,2
RL-44,4540,1
RL-44,4556,1
RL-45,4096,1
RL-46,4081,4
RL-47,33114,2
RL-48,4113,1
RL-49,4081,2
RL-5,4097,5
RL-5,200316,4
RL-5,4081,2
RL-5,4113,2
RL-5,4086,1
RL-5,200301,1
RL-5,200315,1
RL-50,4108,2
RL-50,4113,2
RL-51,4096,1
RL-52,49390,1
RL-53,49390,1
RL-54,4097,1
RL-55,74649,1
RL-56,192259,1
RL-57,79200,1
RL-58,131158,1
RL-59,4565,1
RL-59,37682,1
RL-59,200361,1
RL-6,4072,88
RL-6,33114,4
RL-6,80379,2
RL-60,88036,1
RL-61,131158,1
RL-62,4558,1
RL-7,4081,11
RL-7,76336,1
RL-7,118704,1
RL-8,4100,2
RL-8,4112,2
RL-8,109975,2
RL-8,118690,2
RL-8,118703,2
RL-8,118709,2
RL-8,118712,2
RL-9,4113,22
RL-9,4072,16
RL-9,33114,4
RL-9,80379,4
RL-9,88036,2
RL-9,4108,1
RL-9,132261,1
RL-9,172790,1
RL-9,267555,1
